val/loss,epoch,step,train/loss,grad_norm.net.W.weight,grad_norm.net.P.weight,grad_norm.net.g.linear1.weight,grad_norm.net.g.linear1.bias,grad_norm.net.g.linear2.weight,grad_norm.net.g.linear2.bias,grad_norm.net.f.linear1.weight,grad_norm.net.f.linear1.bias,grad_norm.net.f.linear2.weight,grad_norm.net.f.linear2.bias,grad_norm.encoder.U.weight,grad_norm.encoder.U.bias,grad_norm.decoder.U.weight,grad_norm.decoder.U.bias,test/loss
33.97943115234375,0,0,,,,,,,,,,,,,,,,
,0,49,4.368918418884277,311.10861835105504,0.29473928930594556,0.06967625953772633,0.13329764371052377,0.13235639991569442,0.1415575398064916,0.464203790199329,0.0001386237887856937,0.6625706107707625,0.00016847136375602178,0.5813291919087827,0.5380066126581843,1728.802978967959,0.5335272872825916,
,0,99,1.0260627269744873,1.6107081318395962,0.0021916677305845378,0.034239785530482895,0.2628633445382451,0.001208144809001224,0.24932043721335156,0.0019635246838048933,0.0002898393650342031,0.001179025979075746,0.0003991318280676889,0.00028889447691726435,1.5009991751666512,7.284138789243789,5.262081021605092,
,0,149,0.3645136058330536,2.4510879324988055,0.0009505272743338596,0.0019193193124923734,0.012409678825102945,0.0016091733474159244,0.011041548940585824,0.0020247609407776914,7.035147220067338e-06,0.00953211186464598,2.005246283035494e-05,0.00938309246814602,0.09990008119975764,54.20795997928715,0.3543975133678067,
,0,199,0.06483715772628784,1.6329722030326306,0.0012314893698934948,0.0016105947728716108,0.013960362943576422,0.00031001477928589607,0.013571387772244928,0.0004025380667589799,8.970837253364805e-06,0.0005710035565962094,2.2828634685627234e-05,0.000469849763402506,0.10597311509546471,2.420399524848247,0.27420304579570776,
,0,249,0.12777802348136902,4.143618536695216,0.002804947300369575,0.000543885563731723,0.002987874229722647,0.0010624469070885144,0.002814121406463612,0.0013602867521999673,2.5416823038863404e-06,0.0038728639548018438,7.084427332841088e-06,0.0044065638207188874,0.02321640812685479,15.99524328073955,0.08374026994445741,
0.041272684931755066,0,249,,,,,,,,,,,,,,,,
,1,299,0.9934437274932861,13.720687657779788,0.013685384173373505,0.005324892822941256,0.04472868708849881,0.014428081211305094,0.08098266214736236,0.02208096569976835,4.897137563107115e-05,0.06899600218319665,0.00014330958312241986,0.019698528950071643,0.22161801335887768,187.44362599043865,1.1583584298324947,
,1,349,0.06736262142658234,3.234496567385959,0.002775566905240553,6.891810082460049e-05,0.00014268602510637552,0.0006082215858717796,0.00013877705074342382,0.000818679681115229,9.966827607058877e-08,0.0013982819539930496,3.080828279425681e-07,0.0011890789502228675,0.0014464211684248342,5.557825939535335,0.0038968165830760826,
,1,399,0.010203233920037746,0.3455792631895613,0.0003231930966203686,2.2442774551876155e-05,8.492252995466815e-05,0.00010701947528322222,8.414648386873438e-05,0.00014740822956968962,6.626732316769298e-08,0.00039400713669863053,2.1087467898473495e-07,0.00035252832625923605,0.0008419683230092585,1.4129259701626746,0.0024023573717829134,
,1,449,0.43684738874435425,2.085956470723109,0.0017761857301450098,0.003802591064501199,0.04253772155263426,0.0012042134957586112,0.04079684028329238,0.0013883698967123187,4.421914204679943e-05,0.004633733908062676,0.00015332724635601442,0.006300841401601314,0.4120896399180888,15.1419085783745,1.7477629780601909,
,1,499,0.08687856048345566,0.26750516698348775,0.0002247252439393411,0.00032070956093303767,0.0038274976812065604,0.00032855324262907475,0.00427809064889235,0.0005949074801696683,3.44892635478694e-06,0.0022556304197955783,1.2819751670162723e-05,0.0013319812756119956,0.0416730237568549,7.128388213430835,0.15190560550569163,
0.1873760223388672,1,499,,,,,,,,,,,,,,,,
,2,549,0.1246102824807167,3.682965191221719,0.002867874251597165,0.00019244208093074672,5.144233236327577e-05,0.001229722499170235,4.978610609252252e-05,0.00179110580017565,5.89325438944299e-08,0.006135514051972177,2.2725325697818108e-07,0.004033352721274459,0.0005386465392431294,18.464227570056458,0.002554588130319089,
,2,599,0.056206949055194855,1.3245879789032666,0.0011047787843517457,0.0002752241389242274,0.004497349665112785,0.00039651170244629113,0.003840572180249554,0.0006247471386395399,4.109659651658967e-06,0.002114959652446247,1.6127271614099207e-05,0.0010706287317290607,0.055052703970175754,6.103147760606792,0.19152632443071302,
,2,649,0.04174834489822388,1.0638786302282501,0.0010204627796736446,5.901285080683811e-05,3.868542467529358e-06,0.0003856322034178519,3.179973682089673e-06,0.0006542073980181919,4.628735071915493e-09,0.002305502440740912,1.968939249515831e-08,0.0013484653958009346,4.871268726385954e-05,6.793892728555014,0.0002481949837778658,
,2,699,0.012919685803353786,0.30391408334705955,0.0004398793463231427,2.7733072662065137e-05,0.00028430679918127586,9.768185401367253e-05,0.00024380598489754315,0.00017259595230534184,2.68418380845399e-07,0.00048811317706540805,1.1495471763769034e-06,0.0002881530548083801,0.003624666164216141,1.3213715007616171,0.013407348658126483,
,2,749,0.02866356633603573,0.7751020840986331,0.0009083724025572944,4.18358752837424e-05,0.00010267308437975967,0.00026166894552421497,8.807974151345801e-05,0.0004759545919501785,1.1260429421374345e-07,0.0016056039374171885,5.05951699969799e-07,0.0008724875627089308,0.001313995108573452,4.167037223594875,0.005909610393067933,
0.04006817191839218,2,749,,,,,,,,,,,,,,,,
,3,799,0.015722624957561493,0.2993705247010465,0.00027332419306460003,2.5154372384915743e-05,6.324586813159686e-05,0.00014293755262830164,5.466038327568681e-05,0.00026242322127338884,6.307158990193469e-08,0.001058568583116388,2.859823229343627e-07,0.000535630662283735,0.0008580161894360336,2.588962730908675,0.003204297318646658,
,3,849,0.035931676626205444,0.84533622913681,0.0013015768859742903,3.920603246140694e-05,0.0001132145180290746,0.00029050592750962025,9.834818079156229e-05,0.000560086650672579,1.3979739519323357e-07,0.001729498357729779,6.673065227636764e-07,0.0008155209904581426,0.00154497372667926,4.082583448188754,0.007569274233974429,
,3,899,0.00985780730843544,0.2093849798256942,0.000238393315490084,1.5382417913763423e-05,1.0961293805841322e-05,9.706808398685745e-05,9.880835628047322e-06,0.0001791680860151117,1.08156339847147e-08,0.0007152008964761553,5.16768366713949e-08,0.00034849559729342093,0.00014930767765649504,1.5848910001665166,0.0005477989913246924,
,3,949,0.013013528659939766,0.28087473945597824,0.00039609726113140273,1.6084926053391926e-05,9.114249474004443e-08,0.00011236442112964584,1.0302059140067454e-07,0.0002144939007235011,6.207381941920753e-11,0.0007640138643833025,3.065134469259405e-10,0.000364977210031359,1.1968273961304837e-06,1.6214477658204365,3.2158003921307907e-06,
,3,999,0.01442792173475027,0.1785002991408855,0.0002397920792798802,4.6389220302057825e-05,0.0008375754903056753,8.388112839008485e-05,0.000723401054667498,0.0001643131891204964,9.03074066199015e-07,0.0006594937830195027,4.440945910354794e-06,0.0002916619900694671,0.011167063483959317,1.3179727292271586,0.04370567896433932,
0.006762323901057243,3,999,,,,,,,,,,,,,,,,
,4,1049,0.02463572472333908,0.46928527055847113,0.0008083711251988415,3.5334227948112504e-05,4.428551098974387e-05,0.00022606881553659074,4.089359660113696e-05,0.0004463159477397739,5.0624486181172234e-08,0.001584055204802484,2.571712099127833e-07,0.000739319922375243,0.0005873990402451633,3.05161409115312,0.0025235329795115077,
,4,1099,0.027118343859910965,0.656636338904995,0.0013118920439796713,4.549690427346507e-05,0.00015983135556102752,0.0002910123264454542,0.0001399257764342108,0.0005886294698439677,1.7009569354412824e-07,0.0019873499762493594,8.572567713696001e-07,0.0009125865349806301,0.0021250201853548114,3.6135914648055047,0.007881422350766738,
,4,1149,0.044761959463357925,0.73246182199506,0.0014221278662810185,6.141573879588869e-05,1.383423702800203e-05,0.00040531053820116005,1.2134533258957387e-05,0.0008195629207777197,1.8221078637421072e-08,0.0030003896170906876,9.489938287844264e-08,0.001362476357945576,0.00017912723458509815,5.309597229920081,0.0008770096530129426,
,4,1199,0.32310906052589417,3.1625992857338563,0.002695121540747401,0.0010306861163541076,0.01047759820121576,0.0027409750304610596,0.015834282565874207,0.006937028753689211,1.6583299736437825e-05,0.023885532091483853,5.320001433298652e-05,0.01015806284757521,0.08884034190139295,29.769002234415208,0.2921720612034749,
,4,1249,19.99866485595703,37.192967251263184,3.614120305376795,1.0069078329974208,41.86575676517573,0.8996508712305097,33.19919971445039,2.245888762347833,0.01425642471388523,1.5874027989315134,0.03247972423868632,0.052733181429806916,58.11950258395625,2588.999776703241,128.46833411559695,
1.208005666732788,4,1249,,,,,,,,,,,,,,,,
,5,1299,9.579940795898438,261.50209068720926,0.2822204634146028,0.03627323026531097,0.0010668744636127354,0.23228917587960426,0.0039949150628619656,0.2355220160705369,1.075251301844044e-06,0.48583276781494,1.7951735671348336e-06,0.04828056910358454,0.0004295896020341276,1270.335931499785,0.008643803903170582,
,5,1349,0.1125311329960823,0.3790849139056472,0.0012405968464237669,0.00017926940665015888,0.00814485121470979,0.0001657679403978909,0.005290821374047699,0.0002465138369609812,2.9445765962491937e-06,0.0008306702426865086,7.090656939348967e-06,0.0011619999209470798,0.02333742179716929,2.1143707162420946,0.0538405088018919,
,5,1399,0.45765358209609985,48.946840517663915,0.018566340735704633,0.0033390470479524063,0.0034594155127530756,0.0043599174613216055,0.0020175481383084524,0.005872117352946565,9.307803751385478e-07,0.02792943534634966,2.525946803969664e-06,0.03714515768332888,0.012469489096587487,80.3770284915363,0.021622103661423232,
,5,1449,0.02138732187449932,0.7769337288210844,0.0004926549952914684,8.092469852925718e-05,0.002692614623651061,0.00011327445606114086,0.0016986876300018536,0.0001472335777315333,8.195699948364175e-07,0.0007097494491324826,2.5286464655610553e-06,0.0009064974184689749,0.01066436706120924,2.1735637304983637,0.024089269983214576,
,5,1499,0.16224735975265503,7.357021540578523,0.005278643571965931,0.0006005509147581846,0.0001900898331847237,0.0009315455499946404,0.00012260580259117047,0.0012266182072117472,7.929323341964677e-08,0.005686167515142146,2.572040970432084e-07,0.0069738466148215736,0.0007367087943435646,16.194249642992997,0.0023794557154728905,
0.0777885690331459,5,1499,,,,,,,,,,,,,,,,
,6,1549,0.009821874089539051,0.25597815168824933,0.00016314972193941306,4.6876529305797885e-05,3.4555246594027536e-05,6.056071881085836e-05,2.3038119382752086e-05,7.813559737586673e-05,1.2252420987757708e-08,0.0004654005341478372,3.93788118256978e-08,0.00057430783601114,0.0001398365371899817,1.1758061862800084,0.00032106887357866886,
,6,1599,0.01077213790267706,0.38293166211895757,0.0003059776987573185,4.53189106380203e-05,0.0001236668416351042,7.133567768930286e-05,7.950616986102792e-05,9.762629628259539e-05,5.2148530886913616e-08,0.0004779808085030044,1.7005823931612444e-07,0.0005589565371175084,0.000525391076175844,1.1278121500156182,0.0013297451112927719,
,6,1649,0.09135672450065613,2.7392751947859715,0.002660145224037354,0.00033168835276195193,0.00023893127404029497,0.0005596613555709129,0.00017197435127417962,0.0007761175167109441,1.1179557482533835e-07,0.003621475074072559,3.8358131260071957e-07,0.004089783935359231,0.0009994788474789514,8.135509850723286,0.0029616507930397724,
,6,1699,0.014166702516376972,0.05474758179470388,0.00020168981558193788,4.584690179841511e-06,5.204596192557761e-05,1.3737064762890582e-05,3.585128282201489e-05,1.94322536822861e-05,2.224622763405782e-08,5.1327474705750754e-05,7.666842599566199e-08,5.208774012814141e-05,0.00022517539754381654,0.09813026150351273,0.0005555804499471478,
,6,1749,0.04060284048318863,0.009416564564832027,0.0005100068764516167,1.1015882754986642e-05,1.4267786955114356e-07,4.0062185626636665e-05,6.944534298316636e-08,5.865340383474815e-05,1.20851736607163e-10,0.00013361985197666134,4.145482046064011e-10,0.00013270037352232621,6.139307538737755e-07,0.23135119585948635,2.8467722198208204e-06,
0.042398083955049515,6,1749,,,,,,,,,,,,,,,,
,7,1799,0.029164442792534828,1.1040452870457975,0.0011756132218216297,0.00012632840063873626,0.0008476384331240615,0.00021193324862354426,0.0005839561547061211,0.00029606529494228466,3.557055877917108e-07,0.0013987743574119058,1.223656805982661e-06,0.0015602123941644767,0.003510384403586927,2.629968567990259,0.007936469789008556,
,7,1849,0.0009311401518061757,0.022785106186482138,4.3575805383111576e-05,1.4129378142899894e-06,6.1841312945248945e-06,3.987443688031257e-06,4.46305235190071e-06,5.7014729845177385e-06,2.858576593069626e-09,1.6131112427958418e-05,9.948669649938044e-09,1.766784873219919e-05,2.5840200911367716e-05,0.028573818536441274,6.201138633389258e-05,
,7,1899,0.09713312238454819,2.1507099244874,0.0030171914705297205,0.0003533660799766374,0.00036704900448876867,0.000626756463388917,0.00027559771197737564,0.0008718703636171291,2.1038413974252498e-07,0.0040089122671367735,7.489006251978265e-07,0.004459542924754409,0.0015131730033855096,6.892381895539047,0.004594147980075045,
,7,1949,0.0032757252920418978,0.06685319222783054,8.952184571942318e-05,1.3682223269259853e-05,0.00014839342712684672,2.3224506747194086e-05,0.00011006269622471698,3.2916646006477236e-05,7.856538517224854e-08,0.00016310897536985967,2.7499997052876843e-07,0.00018041718010376563,0.0006369592805406048,0.26166901878020854,0.001545602257262759,
,7,1999,0.017325781285762787,0.4730216812463755,0.0008019498162711807,7.480322214754332e-05,3.110472073589563e-06,0.00014962943048129896,2.075106126891107e-06,0.00022402878778183833,2.043822171868684e-09,0.0009611242958759543,7.320969910128523e-09,0.0009940834792325406,1.4313578535510355e-05,1.5184088414520818,4.1534076672941656e-05,
0.01514244545251131,7,1999,,,,,,,,,,,,,,,,
,8,2049,0.02009161002933979,0.34568855204456267,0.0005528701808684333,7.290972435657477e-05,1.3984401263984774e-07,0.00013855215205676777,1.3246121478198695e-07,0.00020385911945894455,5.1550444502185825e-11,0.0009425580008491514,1.8852586803019373e-10,0.0009594469159479526,6.285247393708055e-07,1.4749615743344497,1.08064210508269e-06,
,8,2099,0.01123717799782753,0.32646633710658374,0.0007569681297811626,3.462962748175546e-05,2.9968011651526662e-05,8.864194179789631e-05,2.2708362046667298e-05,0.00013471896675346182,1.6907309670385165e-08,0.0004572802331405044,6.121897760461035e-08,0.0004645960205330262,0.00013766836412949302,0.687100647127006,0.0003347210681380505,
,8,2149,0.016153205186128616,0.3153173862655833,0.0006580449071625657,4.954598885157393e-05,9.788035246899341e-06,0.00010865381462311056,7.5503636364345215e-06,0.0001619547885094859,6.253814759497734e-09,0.0006512261446947006,2.2952933058589774e-08,0.000662121905042479,4.440605464195912e-05,0.9654049346676895,0.00012519408066132915,
,8,2199,0.007128065451979637,0.14328352901639263,0.00024353061435761837,2.7925139938415173e-05,0.00015022076768679278,5.6472715795562895e-05,0.0001152336840920776,8.164649265712242e-05,9.139171654130954e-08,0.0003677589176373929,3.3245343056022456e-07,0.00037776781164942507,0.0006925540936750386,0.5267075284255905,0.0017353482184694026,
,8,2249,0.009951837360858917,0.17896233840064096,0.0002930730341014442,3.3003730200571045e-05,0.0001575581006119745,6.737886681944343e-05,0.00012639706483607465,9.957091212302827e-05,1.0401370557405498e-07,0.00044377129875723594,3.82918008226898e-07,0.00044906458103357634,0.0007189641000835656,0.6261501103396125,0.0019918689419369173,
0.008148464374244213,8,2249,,,,,,,,,,,,,,,,
,9,2299,0.0054929424077272415,0.12421332519508937,0.0003552557336305563,1.2329634446244976e-05,1.2298778875330834e-06,3.6739537171908946e-05,9.222174688385181e-07,5.549994265805334e-05,8.340412612928054e-10,0.000168194816422324,3.051508756821066e-09,0.00017024438014646078,5.690800514532595e-06,0.22861771649842597,1.5308044461822516e-05,
,9,2349,0.0086605753749609,0.19152890557999772,0.0004479981115259491,3.38143357889457e-05,1.0553979757349343e-06,7.702116425193956e-05,7.275471277479005e-07,0.0001136567824804999,9.058951694816398e-10,0.00045799011763333875,3.3536822532602437e-09,0.0004648901128405943,4.834924334961551e-06,0.617456812384699,1.6771806922965237e-05,
,9,2399,0.004481291398406029,0.09368670839791522,0.0002143033621067542,1.6825562266437852e-05,0.00010871105445462807,3.793445238600537e-05,8.663479844458849e-05,5.646956661890381e-05,7.164594697093897e-08,0.00023214368717877813,2.631978580006324e-07,0.00023490524436246048,0.0005036282786187233,0.30387084723699626,0.0012670070254074874,
,9,2449,0.008348249830305576,0.1603487686507433,0.0003252227156301112,2.3858096916438126e-05,5.1194360183304865e-06,5.609714577173694e-05,3.975085453960383e-06,8.264750635263499e-05,4.016730455067579e-09,0.0003279359776242542,1.493188524675805e-08,0.00033222763329021697,2.3417416289195494e-05,0.4221677678247718,7.177796956229525e-05,
,9,2499,0.00830473005771637,0.04354716138224156,5.7066878152118044e-05,2.3977849591243905e-05,0.0002287158298828408,4.297865706524607e-05,0.0001870124826399003,6.155106606067656e-05,1.5639206752136076e-07,0.0003342948251493235,5.765848379107836e-07,0.00033606896754106584,0.0010609667493949296,0.418135971367463,0.00266772084632684,
0.004854811821132898,9,2499,,,,,,,,,,,,,,,,
,10,2549,0.008581641130149364,0.1535352436295385,0.000335430412959393,3.359194940100999e-05,1.943294628362239e-06,7.420932434173871e-05,1.5804193216982364e-06,0.00010764363403367529,1.4483424399722118e-09,0.0004655892455812477,5.411645893133341e-09,0.00047171540767138953,8.866178178736869e-06,0.5788367262581089,2.5170299975531324e-05,
,10,2599,0.004244570154696703,0.08177635547197912,0.00026586171888577377,1.1507554850877785e-05,9.816075205518672e-05,3.29184882866059e-05,8.142121753010528e-05,4.8147655910702134e-05,6.797396582231329e-08,0.00015922811580285345,2.5214163711022545e-07,0.00016262827483864672,0.00045466466893755126,0.19147534094528798,0.0011311056465768117,
,10,2649,0.00781204691156745,0.12449337403519324,0.00033835638818827194,2.5584981973662382e-05,1.1428961359158736e-05,6.142762445922326e-05,9.754832439972409e-06,8.925257170038281e-05,8.341023677048439e-09,0.0003576664596669252,3.1227291242477365e-08,0.00036358105967970733,5.234085710375378e-05,0.4261811945485383,0.00013958364275730765,
,10,2699,0.003662584815174341,0.045168468915629305,0.00010424568363197808,1.404228452389897e-05,0.00018001386404447591,3.0466862991477063e-05,0.00015273478893905964,4.296663929167765e-05,1.302406882536932e-07,0.0001946168889687245,4.8355908542456e-07,0.00019968340367474191,0.0008364410878973495,0.22555653699405134,0.0020852419724906113,
,10,2749,0.006637826561927795,0.11871175371634801,0.00030912546403663,2.2258690706689373e-05,2.0330794250544672e-08,5.551881693169679e-05,2.0069225288588206e-08,8.081537560056715e-05,1.4004571097948525e-11,0.00031632380816778066,5.2415330032349286e-11,0.0003218153212420034,9.313264675546295e-08,0.36176846895623993,2.2493394699841863e-07,
0.00577995041385293,10,2749,,,,,,,,,,,,,,,,
,11,2799,0.006674268748611212,0.09307004578366028,0.00030170160784215565,2.5082555860536844e-05,3.465559750615751e-05,6.1023775558426e-05,2.9788317484946756e-05,8.795642766843198e-05,2.632608245583576e-08,0.00035746567421814025,9.776989370886095e-08,0.0003655441133313479,0.00016199131076897766,0.39889523909811303,0.00040580529477049536,
,11,2849,0.00760708237066865,0.12757659727862716,0.00037436465862359774,2.7091918277592402e-05,0.0001200715104497818,6.793913832240373e-05,0.00010688043308586507,9.970354518832675e-05,9.4609860188425e-08,0.00039127776607631294,3.5519233298041065e-07,0.0003966005120459641,0.0005549032707920427,0.4326370673594895,0.0014761545374645715,
,11,2899,0.009585984982550144,0.15504514683837645,0.0005188225736632665,3.1784903911157146e-05,0.0003222314078882099,8.503130251343075e-05,0.000279026921800851,0.00012195759284566222,2.466352815994821e-07,0.000453443458573637,9.18233166737079e-07,0.0004637740385753225,0.0015144802773397563,0.48775736452635665,0.003689287823561932,
,11,2949,0.013248765841126442,0.18898417354660546,0.0007157016961106155,4.080107045659179e-05,0.0001458695956829073,0.00011111329886936799,0.0001287297966596207,0.00016075005374623303,1.217711237675996e-07,0.0005869495414528438,4.5959356809963265e-07,0.0005970707724912915,0.0006754970920178831,0.6274286029666825,0.0018596033721129629,
,11,2999,0.004706052131950855,0.07485279503492785,0.00026195861873392213,1.622281290345164e-05,1.5811352164253e-06,4.341135866160201e-05,1.3151912690679483e-06,6.317248900402458e-05,1.3609318163051894e-09,0.0002381190213859307,5.098920410501633e-09,0.00024176696495899121,7.430548734496108e-06,0.24887921301449045,1.9999906436631503e-05,
0.004511849023401737,11,2999,,,,,,,,,,,,,,,,
,12,3049,0.008775897324085236,0.12244137191718897,0.00038430615159245647,3.115624814832842e-05,0.00022386526527257885,7.951638646554861e-05,0.00020314251653254586,0.00011296095339404397,1.8526940612815509e-07,0.00044926494360731045,7.014187084180344e-07,0.0004575063044300629,0.0010405654531486885,0.4654416584679251,0.0027575108554997365,
,12,3099,0.007167912553995848,0.11760737202215421,0.00038093933697962894,2.4530216479198503e-05,1.2452939031871906e-05,6.606230399768048e-05,1.1019598196788867e-05,9.599601053073916e-05,1.0023143298599869e-08,0.00036495781618555925,3.764086519876121e-08,0.00036900028932362086,5.877604209867152e-05,0.369711452498753,0.0001434298825512092,
,12,3149,0.005617913790047169,0.06440241106656296,0.00020327968193756827,1.713755008825014e-05,0.00045782514958256273,4.247342276838772e-05,0.00042003698119189037,6.276136062824961e-05,3.8833345627897356e-07,0.000254651123338326,1.4731821576506317e-06,0.0002546923984108677,0.002148426164256142,0.25647134397061044,0.005627610300105684,
,12,3199,0.0058586932718753815,0.07711327406123052,0.0003232062088740617,1.8063811971172434e-05,0.0003530956455081464,5.023180407799486e-05,0.0003225737992587416,7.52926524104643e-05,2.934524928857806e-07,0.0002729390798981766,1.1064174586551647e-06,0.0002697148963688796,0.0016838751178584804,0.2691550875397682,0.004114870693629451,
,12,3249,0.011872398667037487,0.1466339675677505,0.000600448764606678,3.7698854307628373e-05,6.071605864881895e-05,0.00010439397969084631,5.5586199582328785e-05,0.00015342546953163227,5.585623586470441e-08,0.0005707678674281079,2.1323694611267275e-07,0.000564268585666185,0.00028637392787424443,0.5597274338400372,0.0007990450792751865,
0.010855662636458874,12,3249,,,,,,,,,,,,,,,,
,13,3299,0.005112523213028908,0.0764912955817907,0.00029231830737234867,1.7432425813459205e-05,1.5607423701569982e-05,5.00060941531706e-05,1.4621497847464604e-05,7.259776612180134e-05,1.3158342632963572e-08,0.00026372929905343483,4.951642177227286e-08,0.0002637281258346952,7.464308667957322e-05,0.2536947633099846,0.0001796256307975276,
,13,3349,0.0069869267754256725,0.093697163611303,0.0003863862365199098,2.045472886282699e-05,0.00016642821536813225,5.936113736453112e-05,0.00015602653558391974,8.757417709036509e-05,1.5444791442319962e-07,0.0003111644613208807,5.886171924801729e-07,0.0003065416892500712,0.0007856346769669527,0.2961457014219209,0.002135505422448878,
,13,3399,0.004931294824928045,0.07938368206851715,0.0003253947382895404,1.6341148575431843e-05,9.648762164557806e-05,4.877974978985871e-05,9.079024334017889e-05,7.115671487210473e-05,8.497298067396323e-08,0.00024659969453903226,3.1941072770555967e-07,0.0002463956017493402,0.0004569570365200148,0.2296401162327614,0.0011203271929288961,
,13,3449,0.005517472513020039,0.0710572999573098,0.00031145327703450195,1.6732584587724272e-05,6.346447898032852e-05,4.940056469526157e-05,6.134341599099682e-05,7.160693823936079e-05,5.955426706626348e-08,0.00025215371665127665,2.2592975457330643e-07,0.0002514221926855564,0.0002976259760211703,0.23298831389574862,0.0007925296729843354,
,13,3499,0.013985415920615196,0.22861595061213513,0.0010361160991994274,4.5275989898910484e-05,1.6023700763516793e-05,0.00014573375481459326,1.5095007764517894e-05,0.00020819733477113104,1.4720242801095376e-08,0.0006848636813408582,5.4920609431005466e-08,0.0006873087688153339,7.567110386947704e-05,0.6182258849596993,0.00018666008833043499,
0.013645458966493607,13,3499,,,,,,,,,,,,,,,,
,14,3549,10.793807029724121,0.6648338128342466,0.9491533962301884,0.10582136220411345,17.404028256979768,0.5412992779815349,16.342808573576498,0.41558377424224424,0.0022185855917519356,1.7973766050124695,0.007390840526864427,0.838908972194632,43.154995243587145,2712.8648917069104,20.75319022961832,
,14,3599,2.7532920837402344,4.670504286848804,0.024321026258706108,0.010094320512280913,1.6771985191974954,0.018704839012279727,1.5317339807046682,0.03189061731598891,0.0004595149266658678,0.09094747684391652,0.0010024141939513355,0.08403684659018903,2.681993259648446,248.1830306047719,3.394524446633526,
,14,3649,2.117581605911255,57.87083600490602,0.41610567270924725,0.018718927942490516,5.372567031914199,0.05828807070395064,5.856437468922257,0.08024812079940763,0.0009009481068403187,0.12194530400852359,0.001720949309233834,0.15687601303762316,11.604107827073427,269.0806755644636,8.042665915800978,
,14,3699,1.2691843509674072,38.70595337939746,0.07149240853487315,0.007930830772140492,2.8195520980926028,0.012941078195169113,1.7808159545469406,0.01092540163431508,0.000416558897998327,0.06922303505027913,0.0010623530242266951,0.09656713731487729,6.378906608172551,107.98956766952284,4.52393620265719,
,14,3749,0.06360098719596863,0.5463632091324461,0.0011144879091870953,2.6584876735294026e-05,0.09180460730701666,0.0001461023642267687,0.06728512995881694,0.0002636541049154638,2.691875415968918e-05,0.00039074903612605036,5.9131691199081986e-05,6.632442544278941e-05,0.22395024436282024,0.353594387470045,0.2498727449489551,
0.3333479166030884,14,3749,,,,,,,,,,,,,,,,
,15,3799,0.014778520911931992,0.5050959191378904,0.0002199196618073803,6.906089974619722e-05,0.0016814795171552792,7.001502606284246e-05,0.0009067101671616953,8.306021585398367e-05,4.2039091154267685e-07,0.0005473362279356087,1.1950431184299752e-06,0.001488003911190155,0.004927624155132156,0.9625638250936258,0.006251244818311176,
,15,3849,0.0072100344114005566,0.34083316761193005,0.00021965683550611236,3.071154889694117e-05,0.0016047009082812982,3.961914062174352e-05,0.0008824169423550996,4.568300840252617e-05,3.924374579230027e-07,0.00023453083880224814,1.1153115930224438e-06,0.0006617982275887548,0.0048290470279347755,0.4015756537177788,0.00549709404912248,
,15,3899,0.012120245024561882,0.3376307916743545,0.00023016410882023734,3.700849083932871e-05,0.008428713997437255,4.886790756206435e-05,0.0048560497976825245,5.188383322636236e-05,2.348692974849941e-06,0.00026804227155273306,6.7371449354685425e-06,0.0007914220459112157,0.025528329036192572,0.44466190190518107,0.03232714344800899,
,15,3949,0.003776321653276682,0.17941437440864796,0.00013623897848596633,1.700897673748787e-05,0.0001936699095267545,2.3296903044308363e-05,0.00011218401313482853,2.684285692485546e-05,5.458349323354274e-08,0.00013435495372556705,1.560389765114714e-07,0.0003754763856929906,0.000597045868027653,0.21379982571892964,0.0007123667190407703,
,15,3999,0.010502823628485203,0.2687355319659495,0.00020084813545472572,3.177620452457061e-05,0.006362923283421127,3.913429442623883e-05,0.0038279652167385308,5.008761164795069e-05,1.9702407862912537e-06,0.00026716743100686205,5.697677922869125e-06,0.000730169728065495,0.01984939904625794,0.41606016897477516,0.025666224553620186,
0.007804089225828648,15,3999,,,,,,,,,,,,,,,,
,16,4049,0.00600628973916173,0.24188150994884558,0.00020704356524652855,2.5684667865174426e-05,4.0689215125143035e-09,3.6151241119342395e-05,2.1356058618536096e-09,4.329697096566117e-05,3.0154878901209182e-12,0.00021338715302252455,8.687445930881971e-12,0.0005740300443748555,1.1185184491702791e-08,0.31942701340474394,3.751518818359063e-08,
,16,4099,0.006226938683539629,0.19924766593792392,0.00017802070344849377,2.5498305052646438e-05,0.0008455646049955716,3.446541867097062e-05,0.0005235583917046737,4.256999700604221e-05,2.884279991846734e-07,0.00021870398250456967,8.392279338599146e-07,0.0005783135114260931,0.002694490160781252,0.32156145423797944,0.003590917584924645,
,16,4149,0.002368487883359194,0.05776763192620631,5.5701491847244974e-05,6.719307517740671e-06,0.0014743841139604741,9.394588848039843e-06,0.0009327686161743246,1.2052370618790919e-05,4.936411654062948e-07,6.031024442441424e-05,1.4301416524932804e-06,0.00015479527322401194,0.00475798962564075,0.08560374945885159,0.005870339495186537,
,16,4199,0.018824933096766472,0.5050930586342293,0.0003762891602869113,7.112475097629098e-05,0.005863564637025446,9.94466337533287e-05,0.003582963422567914,0.00011058575234171121,2.0407857775662267e-06,0.000590269342573481,5.9580142644175115e-06,0.0014631367008357305,0.019463069577778033,0.823448830544363,0.024441017719557336,
,16,4249,0.005635871551930904,0.20099001067018615,0.0002089147781257892,1.3690526708564045e-05,0.002074293893777971,2.5609384290419085e-05,0.0012944137322609501,3.19001574994456e-05,6.715808630935834e-07,0.00011938023350862986,2.013001885941288e-06,0.00026718649090826357,0.006847425838016849,0.16871500561427413,0.008999190431948231,
0.0048639304004609585,16,4249,,,,,,,,,,,,,,,,
,17,4299,0.00903028342872858,0.27276892423936844,0.0002636778678475007,4.107155385089634e-05,0.0002691922727288691,5.914306618262973e-05,0.0001721988357058826,7.090169758255597e-05,9.876179984192442e-08,0.0003706409848394943,2.9954830824130683e-07,0.0008645559767531812,0.0008983261367198882,0.5395538713503604,0.0013244841318909464,
,17,4349,0.003997301682829857,0.1559998557212002,0.0001630155402796183,1.717722668658945e-05,7.4806724338438986e-06,2.7281499202155523e-05,4.618658204173951e-06,3.3630777157826565e-05,2.89017310933536e-09,0.00015960295378861437,8.68395942255988e-09,0.00037218349327363255,2.536908201150423e-05,0.22276376056496863,3.6436495470604e-05,
,17,4399,0.008823596872389317,0.26796665387392005,0.00031876382710609917,3.7649496602055964e-05,0.0001665598449208359,5.961156632225422e-05,0.00011084678059377831,7.170053120381022e-05,6.585910705845687e-08,0.00034467850906943814,1.9897006357257673e-07,0.0008048363071857766,0.000560949401288419,0.47326621354451426,0.0008262323049671405,
,17,4449,0.003990430384874344,0.12057994701085854,0.0001496859175066265,1.792954128662955e-05,0.0005545873289656443,2.8932065002001025e-05,0.00036801424071138936,3.387586319757209e-05,2.150973558369781e-07,0.0001623282289315278,6.445127032675782e-07,0.00038015197163873877,0.0018924104207101446,0.21466165740126694,0.002558865257995946,
,17,4499,0.007685295771807432,0.22081372183166234,0.00031590919948567506,3.2870962683544835e-05,1.3381273755160036e-06,5.436363982147884e-05,8.427077035039618e-07,6.627790651928481e-05,6.648927596975338e-10,0.0003074908199412395,2.004432253332663e-09,0.0007172881549104579,4.544381558026737e-06,0.40209395322497093,7.906299409377618e-06,
0.006581456866115332,17,4499,,,,,,,,,,,,,,,,
,18,4549,0.0039396085776388645,0.11249410029943567,0.00015266487638469016,1.2406966157906484e-05,0.0003440256597887011,2.2688825893207776e-05,0.00023298968601604574,2.6603790597714905e-05,1.395059115914489e-07,0.00011335601542334895,4.1747212383490647e-07,0.000266479406582606,0.001179790101596068,0.14318563287530503,0.0015834393560136561,
,18,4599,0.0067869508638978004,0.1797153497902325,0.0002941988051195723,2.6575733285157772e-05,7.675896366781717e-06,4.644288269593701e-05,5.390932347851352e-06,5.6319199891575305e-05,3.38280894969527e-09,0.000250307613542728,1.0188153212565804e-08,0.0005855383210019115,2.607564421908423e-05,0.31366901885772747,3.8472001794874606e-05,
,18,4649,0.005537460092455149,0.1409983751504263,0.00022919306641591786,2.1405986161497948e-05,0.001439342469798753,3.8687389260058544e-05,0.0010130305073613437,4.391849856851015e-05,6.012038099954796e-07,0.00019305525703887518,1.7969548062098476e-06,0.0004546317710841636,0.004940947983194774,0.23426941147254035,0.006535254781535068,
,18,4699,0.006195002235472202,0.14338253030345022,0.00026380063045521154,2.478357287426709e-05,0.00015954884670557604,4.434119575026474e-05,0.00011451938471352069,5.236087219460898e-05,7.33989370061353e-08,0.00023106261156908414,2.2088423557748008e-07,0.0005427828898297302,0.0005448484171749167,0.2782772405385054,0.0008016565171334691,
,18,4749,0.004405290354043245,0.13666341837388365,0.00023890548814056001,1.8640783597957657e-05,4.285857423280683e-06,3.528700672615192e-05,2.791632925799453e-06,4.19293080576789e-05,2.313185898095801e-09,0.00017660698836723988,6.9067513991129675e-09,0.0004156515266427177,1.48282326661286e-05,0.20666238271741647,2.416687373209453e-05,
0.0031960320193320513,18,4749,,,,,,,,,,,,,,,,
,19,4799,0.009397836402058601,0.2217493804971484,0.000393922166755888,3.933935694304498e-05,0.00029833531805879837,7.141171932810706e-05,0.00022589828332114138,8.249017989477755e-05,1.3892966925052715e-07,0.000367341707976929,4.177736959482433e-07,0.0008658879661959472,0.0010180716191913587,0.42621395400667783,0.0014601753201492398,
,19,4849,0.004206657409667969,0.11343440878476942,0.00021697973368226879,1.7665244160727014e-05,3.5178491878060276e-05,3.3564823100556665e-05,2.6066024485380843e-05,3.90696184453535e-05,1.558745905791626e-08,0.00016680545425310238,4.655038571163938e-08,0.0003940953940665839,0.00012107695981878484,0.18881493483039988,0.00015758057209474836,
,19,4899,0.005212109070271254,0.08418653945056966,0.00015345986592498357,2.257208538313521e-05,0.0003098686707629271,3.824197558136801e-05,0.0002349622614710927,4.3005412374190295e-05,1.4700042468167693e-07,0.00020979132723745537,4.419315713387704e-07,0.0004964300352954692,0.0010582249633509548,0.23533253445711272,0.0014945628731201264,
,19,4949,0.004163610283285379,0.10511103256303805,0.00023038417679012988,1.9113448323011705e-05,1.4209948799074847e-05,3.652912541980335e-05,1.081239108895766e-05,4.285257337440925e-05,6.589869670060393e-09,0.00018324137485736575,1.9628823999841545e-08,0.00043344165708442215,4.905589016088081e-05,0.20046014737062154,6.399125782754289e-05,
,19,4999,0.005293314810842276,0.10467681776625948,0.0002480899986958673,1.722940545628136e-05,0.0003965266449993989,3.449374499362201e-05,0.0003085505755685585,4.150961853399678e-05,2.0109389611862115e-07,0.00016893998548807613,6.025832156815239e-07,0.0003977271288458914,0.0013606399450939236,0.1834295880924644,0.001960258179725338,
0.004873530939221382,19,4999,,,,,,,,,,,,,,,,
,20,5049,0.0033468843903392553,0.06678842098419377,0.00013263528826451757,1.4246899039522667e-05,0.0002593329984653835,2.5874237476466236e-05,0.00020039466220230783,3.0688892492739694e-05,1.2855233224620922e-07,0.0001401762679943799,3.823044760492165e-07,0.0003302429453895779,0.0008994907175875242,0.1485547345487208,0.0012049612500514074,
,20,5099,0.005067398305982351,0.09452189801901767,0.00021474165184755148,2.230004886442883e-05,9.451576784771251e-05,4.1601894425690064e-05,7.601558132510052e-05,4.8556305774159276e-05,4.880821826685294e-08,0.00021638464022915915,1.4604156038904535e-07,0.0005104442248443021,0.000325523352918985,0.22751599184518204,0.0004596246559045752,
,20,5149,0.0048766229301691055,0.09264332884701257,0.00021933924409976274,2.1486261056236663e-05,3.9893317481892764e-05,4.101824232951693e-05,3.140307016696307e-05,4.7400083644018104e-05,2.0798324826088697e-08,0.00020818679161769478,6.168752765817555e-08,0.000493550881183662,0.00013884401111495488,0.21356802819206058,0.00018779365713719897,
,20,5199,0.006091113667935133,0.1158488445666795,0.0002663045831220702,2.6344660002241323e-05,5.068468962058089e-05,5.1081272552461795e-05,4.1770880172454616e-05,5.8738217664382956e-05,2.7230502451140297e-08,0.0002553546189085479,8.135703478065465e-08,0.0006042031930863639,0.0001746896900520985,0.26032267977304924,0.0002480562838407488,
,20,5249,0.002884221263229847,0.055314922687138585,0.00015091837641123228,1.2214078272254125e-05,5.894648359644263e-05,2.472103584584044e-05,4.7531477795122304e-05,2.8606377066659455e-05,3.164008503158128e-08,0.00011930595413512663,9.375215963858498e-08,0.0002837015191857308,0.00020515673549026305,0.11899351105099859,0.0002770964937818271,
0.0022560202050954103,20,5249,,,,,,,,,,,,,,,,
,21,5299,0.18538284301757812,0.00649223012256715,0.0016579542754045068,1.3721098282899852e-05,0.2739458683859104,0.00011081392673150372,0.2274523844272869,0.0008746286485524959,0.0001499495268805315,0.0006690549344573817,0.00043416674581492944,9.783723065269739e-06,0.9070039597306777,0.6045813875286539,1.2734305774256147,
,21,5349,0.10300009697675705,0.004599772485513271,0.0013352988279838368,4.569733191649079e-05,0.1422080552707226,0.00018884445976091854,0.11746811346574182,0.0007969504616714037,6.797737584792462e-05,0.0008033527887346746,0.0002250133639396728,0.0002556715922179762,0.47237937483781484,0.734241694228854,0.6758400848195617,
,21,5399,0.02653256617486477,0.009516503190183316,0.000178874326879368,8.038345174495245e-06,0.0333425442932462,1.5016851845425956e-05,0.02239595076716292,0.00010463969831424539,1.3728058966974776e-05,0.00013022377939644637,3.9449310364501455e-05,6.32072710724005e-05,0.12168422997486807,0.1589996069953447,0.17527121332399553,
,21,5449,0.012376029044389725,0.13801129927533273,0.00016016642730726845,4.123336636281397e-05,0.00045463756211559954,6.20279115011732e-05,0.0003073210421072779,7.997341390044056e-05,1.764530093192576e-07,0.00047525974206960976,5.571925475118107e-07,0.0009724485115448938,0.0017512889142338895,0.7362689474045426,0.0027480066144668,
,21,5499,0.005115597043186426,0.11395242673910895,0.0002188006461033133,1.6639365935758256e-05,0.0011931400024017132,3.366589707574697e-05,0.0008145685996938518,3.916189559125395e-05,4.588669662471662e-07,0.00018316454059061175,1.442511322112544e-06,0.0003742153590816343,0.004641495836559357,0.26676356974686816,0.006659535899591842,
0.0038374033756554127,21,5499,,,,,,,,,,,,,,,,
,22,5549,0.005849537905305624,0.13376447905145977,0.00025142114002827185,1.9973265812247267e-05,7.635503062072562e-05,3.814211699577405e-05,5.2920198907579394e-05,4.8192170172190665e-05,3.1593196601018375e-08,0.00023058323580822762,1.0034449474981341e-07,0.0004709094494906169,0.0002945093851880994,0.3311061907396999,0.0004586402076393972,
,22,5599,0.0030232605058699846,0.05153225216701684,9.552806554756069e-05,1.0562696551477912e-05,0.00015052152834164602,1.8758015132366882e-05,0.00010476413101612644,2.3759749404668343e-05,6.162918413779226e-08,0.00012310181467399366,1.9465788980895023e-07,0.00025081721931939616,0.000583925927469669,0.16949911637155146,0.0008471806058861055,
,22,5649,0.006089985370635986,0.11916481498446303,0.00025331192436944664,2.184341489941098e-05,0.00040497742169696787,4.11700481500876e-05,0.0002872246042301284,5.230261736724503e-05,1.7372498060000464e-07,0.00025501943605064486,5.534479557189431e-07,0.0005189821304337977,0.0015582833092566755,0.346329769393164,0.0023962563413643854,
,22,5699,0.00334340101107955,0.07744041451412517,0.00016078302809983462,1.2667375495605816e-05,0.00016471476390371396,2.5355081726244906e-05,0.00011490071252932535,3.0322782569286234e-05,7.021636428723538e-08,0.00014330509420092894,2.2267411947162533e-07,0.000292614009452382,0.0006360078351934068,0.18757260136538814,0.0009269645427256355,
,22,5749,0.006122613791376352,0.11777243548572755,0.0002512387383609656,2.194082190148566e-05,8.704062578880364e-08,4.264842662851475e-05,6.418965577399328e-08,5.2243515304596324e-05,3.43356715456696e-11,0.0002526676995695495,1.0971723740095725e-10,0.0005138218379059466,3.33393839570944e-07,0.32709186320368133,4.5450012417093953e-07,
0.005858240649104118,22,5749,,,,,,,,,,,,,,,,
,23,5799,0.004718766547739506,0.09790956615588318,0.00022013846141397922,1.6127487982867872e-05,0.0008469470697832644,3.201845615131174e-05,0.0006009919665695658,4.0932880194518766e-05,3.805369402549364e-07,0.00019135368997196274,1.206921744638211e-06,0.00038736299981117746,0.0032739889114668263,0.2394904364327963,0.004788178604900706,
,23,5849,0.00777064822614193,0.11812816002055745,0.00028291711530245713,2.6326936221489418e-05,0.00028076571021123903,5.1846834137301574e-05,0.00020611682466210816,6.165012316333815e-05,1.3344341906258906e-07,0.00029875759006609107,4.26983499325116e-07,0.0006085098811349881,0.0010748912585250526,0.3697060827396734,0.0016946960390084541,
,23,5899,0.0052943481132388115,0.09351158188339082,0.00021939729198356311,1.9355576769876763e-05,0.0010755184715549116,3.9218082397497716e-05,0.0007785877568200019,4.491805707702036e-05,4.882990450383559e-07,0.00021529304038214598,1.5547132318674275e-06,0.0004358064376341371,0.004136691859128704,0.25860247329173697,0.005968796371540708,
,23,5949,0.007905842736363411,0.11335127504403326,0.0002698649104037981,2.483310289238111e-05,0.0010032264288905776,5.0360321860483794e-05,0.0007546982853715373,5.823090878136601e-05,4.858412519514361e-07,0.00027741558147131883,1.5598446760061028e-06,0.0005663201635518521,0.0038299658980455948,0.3305528689443102,0.0059884853640723296,
,23,5999,0.002057039877399802,0.029212748053690257,5.4462677200801676e-05,7.674542329818762e-06,2.288449939634852e-06,1.4086637026925037e-05,1.692027488360957e-06,1.696824498501705e-05,1.1332519761768352e-09,8.895147645287938e-05,3.6094510050828947e-09,0.0001804418080915063,8.81218072157376e-06,0.10287549866981077,1.3315413045686374e-05,
0.0016076532192528248,23,5999,,,,,,,,,,,,,,,,
,24,6049,0.003637444693595171,0.06676466141363815,0.00017946885265735435,1.3010348345737881e-05,2.5331067077304166e-05,2.747069787404384e-05,1.8990173697358152e-05,3.35748189651589e-05,1.3072072373784649e-08,0.00015159436566922272,4.193265047985382e-08,0.00030680437332137483,9.682012756308756e-05,0.17382617750856957,0.00015443386719084188,
,24,6099,0.003211524337530136,0.05640595208823748,0.0001650186458950297,1.0204284906706369e-05,0.00031075280968932613,2.31204035918025e-05,0.0002356767869542643,2.7028141362563e-05,1.5175920553417435e-07,0.00011498887380823426,4.83957338016714e-07,0.00023286129324572954,0.001197373341087703,0.1281313013857529,0.0017259446207978748,
,24,6149,0.005741098430007696,0.10718220625518671,0.00032829773444390767,1.8221256815147856e-05,0.00020412501926640546,4.162125219453799e-05,0.0001599491133598108,5.175518278929967e-05,1.053093915640397e-07,0.00021476406806651382,3.382263195631396e-07,0.0004330942326166392,0.000780858162425458,0.2379456969688816,0.0012051662643808676,
,24,6199,0.003956927452236414,0.05734408033473117,0.0001740252654627555,1.4721410567305272e-05,0.0003852773373201897,3.13455063670779e-05,0.0003003955039910691,3.630125271094943e-05,1.9619108621890593e-07,0.00016653506814992298,6.255288008952709e-07,0.00033590503539707953,0.0014857436211872573,0.17926451570347748,0.0021536855075609896,
,24,6249,0.006897573359310627,0.099291276696531,0.00031040185538185896,2.5087279040252593e-05,1.0836167322029019e-05,5.3095330016493834e-05,8.719799726105922e-06,6.42035461343367e-05,5.684049414938565e-09,0.00029252958789390606,1.8284448634912403e-08,0.0005879217425047849,4.142720124048129e-05,0.31383790293009595,6.316750758768586e-05,
0.006168066989630461,24,6249,,,,,,,,,,,,,,,,
,25,6299,0.005397174507379532,0.08383932384498587,0.00026877316155964753,1.5219565588256149e-05,0.0008809723138747769,3.467093565971063e-05,0.0006924479524094016,4.440296540912706e-05,4.592811544962655e-07,0.00018468423786186975,1.4645649499430002e-06,0.00036984442088558976,0.003398631183773355,0.1935212349767419,0.004891529247799277,
,25,6349,0.004918206483125687,0.06710650400054351,0.0002235846570594634,1.80210147132452e-05,0.0006514434633607374,3.956532069856025e-05,0.00052027947421786,4.535382087015063e-05,3.6148905996985814e-07,0.00020230166072834657,1.1632941530896392e-06,0.00040587415077924605,0.0024962013742122974,0.20997533243520713,0.00389982789304916,
,25,6399,0.002467545447871089,0.03349153477311599,0.00013296200934080217,8.313396185220766e-06,0.0003110803790243061,1.9583859104539917e-05,0.00025166984012956107,2.2562385918594883e-05,1.677157938593819e-07,9.355946631163757e-05,5.362938266738289e-07,0.00018735543705578048,0.0011980828953719346,0.09489688541523966,0.0017460510460230558,
,25,6449,0.005331388209015131,0.07432226842640483,0.0002680966706669305,1.851625841882718e-05,0.0007930104729534657,4.268262863607339e-05,0.0006425242355174356,4.943847976563173e-05,4.5811189379088186e-07,0.00020905044393468186,1.477786186108806e-06,0.00041880814969373436,0.003040910438231756,0.211156993151398,0.004830861528659015,
,25,6499,0.00880590733140707,0.11745674229208179,0.00045083775440958644,2.679707197264375e-05,0.0011546558857833183,6.428925204342268e-05,0.0009242683704330693,7.581254923999817e-05,6.286476479838143e-07,0.00030447343458769475,2.010428865191574e-06,0.0006050755032299878,0.004455602236793949,0.30181163229215524,0.0063956658286949825,
0.015378555282950401,25,6499,,,,,,,,,,,,,,,,
,26,6549,0.022906498983502388,0.26272310749580213,0.0018570357328045804,5.731818854708892e-05,0.00020755090987118434,0.0001769905045399631,0.00016533097194784793,0.0003471500754221353,1.2580506183684064e-07,0.000943416875603209,3.787965982303852e-07,0.001240826207566803,0.0007557102237854186,0.6545265025692563,0.0011703488802163038,
,26,6599,42.54853439331055,569.7825476932701,3.176298872903213,2.8505187772704965,1482.3201464114698,3.7783567305759984,553.5039059584149,3.4495683699905575,0.06578959122975803,5.542852691202497,0.08871789852921398,22.108109162572397,4249.562616195648,13566.33372428727,223.6643168646024,
,26,6649,32.35593795776367,102.08656941012754,5.518578204873698,1.0001384635557826,1564.843848553975,4.748006147660334,828.1098448169932,4.752380072455954,0.05089271205205863,5.2140171783516855,0.06791713680931663,9.637435958308933,7742.508682869709,12126.196518736378,193.374625085347,
,26,6699,5.18438720703125,104.34950108218656,0.4179380363279316,0.04698178842128582,26.901929247621517,0.10619367069913013,19.431140264211972,0.14538729692271074,0.0033243754329489437,0.3032103321945017,0.004561101911459686,0.9676951940093771,78.08620872343367,1518.2908752424787,20.324423923197408,
,26,6749,0.7291953563690186,14.60493505713626,0.013716033523694842,0.003334789628210391,0.0007215935077362264,0.004366430557725537,0.0003824064389188137,0.004218693635635288,2.001632096189175e-07,0.021383690272804914,4.753377729486169e-07,0.09576486663019645,0.001653249010571406,68.14845118672207,0.0024872741686779638,
0.9438778758049011,26,6749,,,,,,,,,,,,,,,,
,27,6799,0.43747612833976746,0.42346612351340146,0.0011338562629137408,6.728274457652764e-05,1.1904597199831952,0.00024463990689483706,0.7199700491775132,0.0006238617815472007,0.000234056772761946,0.001139640444417429,0.0005236364581559339,0.0030067408452010723,3.250657245680632,2.043281406048877,2.8128025029880024,
,27,6849,0.014759127981960773,0.6696006645340925,0.00035993143840605437,4.445566624612426e-05,0.0044377113115982416,6.544716747909774e-05,0.0024998612125324065,7.163210918646564e-05,8.9485182174878e-07,0.00040598767753252576,2.3419681504875183e-06,0.0016050972336619548,0.015466878685222344,0.9211765193621072,0.014590628719961713,
,27,6899,0.005464624147862196,0.2886784116157663,0.00016549694982850166,2.2027595112981756e-05,8.151436565721451e-05,3.108022443683157e-05,4.399420591581536e-05,3.2173722962607523e-05,1.4492579800382762e-08,0.00019953454725924534,3.829703287335293e-08,0.000802859893593076,0.0002756515657076337,0.42724125209055597,0.00022149839445788634,
,27,6949,0.011816279962658882,0.5173417604523938,0.0003598476109241787,4.617636517011837e-05,9.536285687459453e-05,6.529082304846926e-05,5.355215941409903e-05,6.815451880524459e-05,2.004014881758355e-08,0.00041404122302961277,5.3464722527713954e-08,0.0016642063173086272,0.0003191478129454933,0.8543007032429305,0.0002991245712316045,
,27,6999,0.00832975935190916,0.3617237979190832,0.0002442442002493008,3.66080600936222e-05,0.00041267459222443017,4.9724832763085026e-05,0.0002255739453384478,5.1958220835263534e-05,8.619932680662464e-08,0.0003289878402665041,2.2863261288118243e-07,0.001341785219463071,0.0013988000862277012,0.63735045090287,0.0011882976617580436,
0.005784030072391033,27,6999,,,,,,,,,,,,,,,,
,28,7049,0.009955172426998615,0.36534287910138896,0.00030942663074552353,3.469584421169839e-05,0.0021676359153089578,5.0114257816515534e-05,0.0012371111651446722,5.231151496253661e-05,5.082916619179835e-07,0.0003044766807294303,1.365388804653402e-06,0.001201280481363799,0.00729272587568126,0.5735373557397396,0.006962133208763279,
,28,7099,0.0028173401951789856,0.10334121885065911,9.05988308155306e-05,1.0963645313818288e-05,7.539112197665817e-05,1.590371038715386e-05,4.218475693631841e-05,1.6820781813126647e-05,1.805950462115013e-08,9.851900411136064e-05,4.8305696191807836e-08,0.0003957056592914915,0.000255492325291462,0.17599993243152368,0.0002324608920223326,
,28,7149,0.007073578890413046,0.24077875629424936,0.0002307975418354223,2.6540142634981334e-05,0.00019988141804793221,3.947527508345947e-05,0.00012066430373577077,4.182660052357733e-05,4.771029360865107e-08,0.00023863994543297265,1.2880993343726495e-07,0.0009529111228203707,0.0006703261526515233,0.41526042109422007,0.0006085147064623046,
,28,7199,0.0033775290939956903,0.11768395900544008,0.00012193858517887405,1.394011643239607e-05,0.0007567162095774133,2.0629918372180574e-05,0.0004458297914771406,2.1503122582305797e-05,1.8582447495276268e-07,0.00012318627127310707,4.991812310559227e-07,0.000480342178233693,0.0025556212918513297,0.2043036000200678,0.002233290831241128,
,28,7249,0.00794066209346056,0.24793972655066138,0.0002718844944100745,3.051936045502828e-05,0.000695530224354412,4.579362492705781e-05,0.0004158587751509793,4.8273057572851e-05,1.9175261609754182e-07,0.00027086508439966484,5.197671235815319e-07,0.0010575389282434667,0.0023380834472422835,0.4408451369821512,0.0023021351851309677,
0.007583192083984613,28,7249,,,,,,,,,,,,,,,,
,29,7299,0.00397717347368598,0.11811628487804496,0.0001354411878468733,1.4820703200851187e-05,0.0005807929698310776,2.2417462569262817e-05,0.00034733292432755655,2.348395413017617e-05,1.5243105103792036e-07,0.00013152846050611513,4.1095384943467444e-07,0.0005102002728873307,0.0019631955852548576,0.2051138023428369,0.0017326202873482264,
,29,7349,0.005730829667299986,0.1670868025575013,0.00021471154327004407,2.2455923067689753e-05,1.4060182028511353e-05,3.5070742163315024e-05,8.346990224513617e-06,3.7103662857759655e-05,4.3272458721985715e-09,0.0002014016797618264,1.1751790898629834e-08,0.0007886710014103083,4.728118239098346e-05,0.30870312586901294,4.908258371727447e-05,
,29,7399,0.005605022422969341,0.1383544703158301,0.00019732943516309015,1.6539278157218987e-05,0.0035095043495126624,2.8323898422236515e-05,0.0021735311218806347,3.1051981564873765e-05,9.592273889655925e-07,0.00015357286077337157,2.5906928345900843e-06,0.0006109804854938141,0.011843208155935652,0.22658709895772008,0.01037121157018396,
,29,7449,0.036885712295770645,0.2662837547068013,0.0007837716039723727,9.485285659639723e-06,0.03980569170196368,4.3381859391193114e-05,0.02396048283148998,5.739155466527066e-05,1.2040829423549372e-05,0.00010858180085209599,3.26736784245622e-05,0.00043903555318571436,0.13043875504122815,0.12864492332194782,0.13430883264194202,
,29,7499,0.15373675525188446,3.4660950990132244,0.006380504418524076,0.0003326079831361603,0.1926372265907314,0.0006730320897486894,0.10778513213860742,0.0013657471269576632,4.9359653012113194e-05,0.003631960440688914,0.00013360701937670895,0.009893654554129053,0.6572143310513716,4.998696734561448,0.5513700578342554,
0.07583785057067871,29,7499,,,,,,,,,,,,,,,,
,30,7549,0.011903423815965652,0.39014730404413334,0.0006738622764097769,1.9758053823456915e-05,0.0012310578738395771,5.3751600554788124e-05,0.0007929185585617891,5.918831200855318e-05,2.876120751461816e-07,0.00019631408689847169,8.193084367318448e-07,0.0006054992306142118,0.004342320072081053,0.3265224791914767,0.003942288940406506,
,30,7599,0.0035652334336191416,0.06767048710816041,9.240546340156459e-05,1.226714721372659e-05,1.7868207025500044e-05,1.8301561349752692e-05,1.1140874925800385e-05,1.9634537129731652e-05,4.3380952831880565e-09,0.00012069008131280839,1.2308570560680257e-08,0.0003921391331726008,6.330958251629822e-05,0.20716648362818463,6.023729476058902e-05,
,30,7649,0.0041107311844825745,0.12676767252300158,0.00015051469806041926,1.4212668207410653e-05,5.904649258856715e-05,2.324280616773675e-05,3.6843084719206e-05,2.5554984873839752e-05,1.590637862847575e-08,0.00014152732365607632,4.547926320291288e-08,0.00046331505269703766,0.00020833647683652214,0.23940686380195253,0.00022065348101895803,
,30,7699,0.0016985229449346662,0.05851298952859618,7.131390010813379e-05,5.927100430229004e-06,0.00012066191577946722,9.998146464358655e-06,7.475091959670036e-05,1.0778288338830443e-05,3.2364780420754486e-08,5.760210204671027e-05,9.206673834744938e-08,0.00018581222213151068,0.00042712705973012733,0.09337940399826693,0.000425821810048937,
,30,7749,0.003272020723670721,0.08515625801751645,0.00011285279126518641,1.080479667851352e-05,0.00033066694881972057,1.7665989892529563e-05,0.0002096368510986859,1.892620628831418e-05,9.599722412195643e-08,0.0001046261185779519,2.743021939383028e-07,0.00033709428720871517,0.0011639574311012003,0.16607986233492622,0.0012475463953762467,
0.005002906545996666,30,7749,,,,,,,,,,,,,,,,
,31,7799,0.0021026742178946733,0.05319692491416106,7.6020383533098e-05,6.718787662285414e-06,0.0007528877309354126,1.1499284918809072e-05,0.0004725442902201104,1.291981263391567e-05,2.1892311115836728e-07,6.883804122073038e-05,6.225530935474124e-07,0.00023006017953631342,0.0026582468919311365,0.10517492899183932,0.002713085571320367,
,31,7849,0.005757817067205906,0.15664951270486527,0.00023622609471304104,2.198310029984482e-05,5.500927459721236e-06,3.692630013229201e-05,4.008833703589893e-06,4.0111309513542186e-05,1.4048384057475693e-09,0.00021664145736616076,4.018853950079495e-09,0.0007066908633507163,1.9183013185648488e-05,0.32588490827993577,1.7343092511215725e-05,
,31,7899,0.0030257082544267178,0.06811138469311233,9.859670621440613e-05,1.3015459086372899e-05,2.4550697920644942e-05,2.030298094611229e-05,1.5780869062098105e-05,2.2049555563126416e-05,7.518902221071124e-09,0.00012902309224398768,2.1364799068641993e-08,0.00042446377383059946,8.655485898386358e-05,0.1867670303839134,8.813420855257238e-05,
,31,7949,0.0040750945918262005,0.11089096826344207,0.00019380321246963427,1.5280066334871687e-05,1.5086417289016534e-05,2.7118683953853748e-05,9.57817613344476e-06,2.9429489097274734e-05,5.206233185666638e-09,0.00015013899270165115,1.4889098645287687e-08,0.0004899586231423998,5.289098333804878e-05,0.21441727080000705,6.099670398468393e-05,
,31,7999,0.0017602145671844482,0.036252109661526935,5.128010081684914e-05,5.464262278998793e-06,0.0003852902716410866,9.137194703456761e-06,0.0002486711682102434,1.0105029359262369e-05,1.238348281379832e-07,5.5354692600660647e-05,3.523804425059382e-07,0.00018453285193765036,0.0013543191055288965,0.0765381766755598,0.0013908248791923864,
0.006641687825322151,31,7999,,,,,,,,,,,,,,,,
,32,8049,0.006352976895868778,0.15852547213708953,0.0003018957600905653,2.6549487483675713e-05,8.916682626735491e-07,4.625085450303597e-05,4.848914437825084e-07,5.00773060147372e-05,4.435509306594259e-10,0.000261370690451989,1.270401321633646e-09,0.0008558604599293571,3.1283981165896424e-06,0.3571668157970025,4.986633950802663e-06,
,32,8099,0.00242244778200984,0.059633157943907326,0.000115236527668974,9.295485243416034e-06,0.00025278408653455647,1.65246888905327e-05,0.0001672039773224863,1.765712469022581e-05,8.26902237303981e-08,8.991703657195456e-05,2.353856089410502e-07,0.0002919044708697276,0.0008875742205089628,0.11907624970606462,0.0008896958562772462,
,32,8149,0.0032216315157711506,0.07091062504578434,0.00014001282125257136,1.178083488193463e-05,9.868758902154042e-05,2.0922895153213012e-05,6.651234662025529e-05,2.2480579402979945e-05,3.4511640556012685e-08,0.00011482796458268948,9.883541488308203e-08,0.0003742488060438073,0.00034430234574076013,0.15027109558415122,0.00037142318484926145,
,32,8199,0.002815071726217866,0.05208682164179261,0.00010644519571522596,1.162013073323944e-05,0.00030541178153249975,1.9393589730707012e-05,0.00020744951134964398,2.0654044506204e-05,1.0321209009994133e-07,0.0001124545726333027,2.9379244835780813e-07,0.0003657746045447124,0.0010709106946848266,0.14302404511104555,0.0010659102477903848,
,32,8249,0.002887069946154952,0.06359140912739036,0.0001488355795405009,1.1254202216094595e-05,6.491465045819144e-06,2.080267149610348e-05,4.442879210437013e-06,2.2544203227078855e-05,2.3158429895172537e-09,0.00011088702362214678,6.635025519083224e-09,0.0003639476969734618,2.2619303365491048e-05,0.13951657037361798,2.3988442833048268e-05,
0.0048657748848199844,32,8249,,,,,,,,,,,,,,,,
,33,8299,0.0035019887145608664,0.05982693218686777,0.0001404654735429401,1.3069712401401064e-05,0.00013899520420307176,2.305946668135593e-05,9.420010277012042e-05,2.5014164966619976e-05,5.0056473553669303e-08,0.00012964085085227903,1.424827901442993e-07,0.0004282973009640446,0.00048709101872907866,0.1585523906047857,0.0004975609454624477,
,33,8349,0.004731455817818642,0.08853625676129537,0.00021630968546940826,1.7580062659578536e-05,0.0004124697267454707,3.204200283482156e-05,0.00028422826904090883,3.424078138748511e-05,1.5789064899222267e-07,0.00017013326642259486,4.528224280036459e-07,0.0005545006733111242,0.0014356244478143823,0.2066733767350961,0.0015809604559230204,
,33,8399,0.0024628988467156887,0.03444184429694699,7.394622058434619e-05,6.276529924158797e-06,0.0013669930241207555,1.1665791034925472e-05,0.0009493721895115653,1.2938416837479173e-05,5.005166358944563e-07,6.444926195441638e-05,1.4269571156139706e-06,0.0002139865220217577,0.004776195745162529,0.0760373196334669,0.004824961122288457,
,33,8449,0.006598548032343388,0.0658812912352286,0.00015462385798253414,1.1660400162692553e-05,0.0060662280394040684,2.2627303288391707e-05,0.0043123929161280085,2.5737475359826305e-05,2.3296033655712347e-06,0.00012201890942552005,6.686650300419909e-06,0.0004249631920283704,0.021100626350279483,0.142770207487049,0.02259811955952503,
,33,8499,0.014785702340304852,0.006792530032186919,3.2667036355364754e-05,5.707553117270478e-07,0.027795126103173834,2.1750348065421585e-06,0.01955638138473981,4.421391095466878e-06,1.053559496882961e-05,1.2884754100482953e-05,3.0310855736456067e-05,3.6256834817987335e-05,0.0975097673321529,0.01454482322369485,0.10145135143739084,
0.015365980565547943,33,8499,,,,,,,,,,,,,,,,
,34,8549,0.023369692265987396,0.03483188161592525,6.385080434163489e-05,5.338039734029491e-06,0.017550424938143436,1.0989834747152883e-05,0.012304006653878147,1.1603624864827018e-05,6.617346438333575e-06,6.723700184964983e-05,1.950098900820516e-05,0.0001913879114036582,0.06349497526659074,0.07799788362569939,0.07058409994793743,
,34,8599,0.004851803183555603,0.007895228463339087,1.2173820870112772e-05,4.058791089808469e-07,0.001999593049284842,9.641710400454708e-07,0.0013330941852651168,1.1126561967309762e-06,7.11733403112335e-07,5.198254192791388e-06,2.1349832071963173e-06,1.5856036081003726e-05,0.0069456682333585065,0.005662873324935889,0.00777737960740184,
,34,8649,0.009197515435516834,0.173776414910299,0.0004087774510196073,2.8423436523756448e-05,0.0002397811147097512,5.4584763838872535e-05,0.00017505160126288273,6.268200126983692e-05,8.875665104819118e-08,0.0003056856636402939,2.6914260562409474e-07,0.0008680166440716149,0.0008597432894644863,0.37778418903073563,0.0010041253373301916,
,34,8699,0.015741392970085144,0.22565242569150398,0.0007376781306402989,2.6926448109771287e-05,0.007096516905339707,6.425483038728367e-05,0.004884042851108142,7.801828538157445e-05,2.726731989050876e-06,0.0003092426145001034,8.366053569724758e-06,0.0008901465880024428,0.02559148182263691,0.3901804103334096,0.031369344586014536,
,34,8749,0.0026589715853333473,0.052105344028761935,0.00011429786696264727,1.0271352188692559e-05,5.1206359985685545e-05,1.841905198486078e-05,3.4601472115852275e-05,2.1005131664209056e-05,1.9127544750273953e-08,0.00011013178707956097,5.751069246320008e-08,0.0003086866586034272,0.0001857783312728091,0.13482757467680667,0.00021229123149039172,
0.002220490016043186,34,8749,,,,,,,,,,,,,,,,
,35,8799,4.414040449773893e-05,0.00019572169521045758,5.612761252144607e-07,3.44138202411339e-08,3.99863184840093e-05,7.090070574444919e-08,2.733206354879943e-05,9.076656063910993e-08,1.5020164614776663e-08,4.0993260785039064e-07,4.530106011373251e-08,1.2191412532136763e-06,0.0001446923148702563,0.0005016682963557044,0.0001683017884382286,
,35,8849,7.388938229269115e-06,1.9462748968103783e-06,4.788194080527356e-09,6.263032005515953e-10,3.606238964224585e-08,1.04068567119861e-09,2.6805028922710603e-08,1.1483254271005181e-09,9.13427029556271e-12,6.497304070828199e-09,2.7556276730249383e-11,1.7792263044585216e-08,1.3018287366266218e-07,7.988523844359426e-06,1.0244735830844537e-07,
,35,8899,4.877018454862991e-06,2.4598307888549214e-06,5.2604574418344434e-09,4.890446073526806e-10,3.931245472884619e-09,8.49887399079251e-10,2.222393929993587e-09,9.547278070603234e-10,3.1003215303318228e-12,5.16743097217912e-09,9.353860379778222e-12,1.4262614513796682e-08,1.4245852442092229e-08,6.346624633621023e-06,3.478615812954567e-08,
,35,8949,3.501364972180454e-06,2.681535099486906e-09,5.065869519773084e-11,5.207418720644556e-12,7.535019573492126e-09,9.627681666340557e-12,4.599179197372605e-09,1.2406058301482873e-11,4.698512686339576e-12,6.277166229436172e-11,1.4175215169068651e-11,1.868188269002128e-10,2.7293312560353404e-08,7.562976404372649e-08,5.271724094226753e-08,
,35,8999,2.7231749299971852e-06,1.4458012186174385e-07,5.587164831437502e-10,7.1171868599483705e-12,4.7218673140023525e-08,3.33530508192097e-11,3.288375544078149e-08,3.247728258363634e-11,1.4197203184159153e-11,5.542119005653298e-11,4.283172916951804e-11,1.1928812768153956e-10,1.70345322335865e-07,6.550492170357227e-08,1.5929722381951606e-07,
2.7677472189679975e-06,35,8999,,,,,,,,,,,,,,,,
2.7677472189679975e-06,36,9000,,,,,,,,,,,,,,,,
,36,9000,,,,,,,,,,,,,,,,2.7777473405876663e-06
